,title,decision,authors
0,Making Neural Programming Architectures Generalize via Recursion,Accept (Oral),"Jonathon Cai, Richard Shin, Dawn Song"
1,End-to-end Optimized Image Compression,Accept (Oral),"Johannes Ballé, Valero Laparra, Eero P. Simoncelli"
2,Optimization as a Model for Few-Shot Learning,Accept (Oral),"Sachin Ravi, Hugo Larochelle"
3,Learning End-to-End Goal-Oriented Dialog,Accept (Oral),"Antoine Bordes, Y-Lan Boureau, Jason Weston"
4,Towards Principled Methods for Training Generative Adversarial Networks,Accept (Oral),"Martin Arjovsky, Leon Bottou"
5,Reinforcement Learning with Unsupervised Auxiliary Tasks,Accept (Oral),"Max Jaderberg, Volodymyr Mnih, Wojciech Marian Czarnecki, Tom Schaul, Joel Z Leibo, David Silver, Koray Kavukcuoglu"
6,Multi-Agent Cooperation and the Emergence of (Natural) Language,Accept (Oral),"Angeliki Lazaridou, Alexander Peysakhovich, Marco Baroni"
7,Understanding deep learning requires rethinking generalization,Accept (Oral),"Chiyuan Zhang, Samy Bengio, Moritz Hardt, Benjamin Recht, Oriol Vinyals"
8,Neural Architecture Search with Reinforcement Learning,Accept (Oral),"Barret Zoph, Quoc Le"
9,Q-Prop: Sample-Efficient Policy Gradient with An Off-Policy Critic,Accept (Oral),"Shixiang Gu, Timothy Lillicrap, Zoubin Ghahramani, Richard E. Turner, Sergey Levine"
10,Learning to Act by Predicting the Future,Accept (Oral),"Alexey Dosovitskiy, Vladlen Koltun"
11,On Large-Batch Training for Deep Learning: Generalization Gap and Sharp Minima,Accept (Oral),"Nitish Shirish Keskar, Dheevatsa Mudigere, Jorge Nocedal, Mikhail Smelyanskiy, Ping Tak Peter Tang"
12,Semi-supervised Knowledge Transfer for Deep Learning from Private Training Data,Accept (Oral),"Nicolas Papernot, Martín Abadi, Úlfar Erlingsson, Ian Goodfellow, Kunal Talwar"
13,Amortised MAP Inference for Image Super-resolution,Accept (Oral),"Casper Kaae Sønderby, Jose Caballero, Lucas Theis, Wenzhe Shi, Ferenc Huszár"
14,Learning Graphical State Transitions,Accept (Oral),Daniel D. Johnson
15,Paying More Attention to Attention: Improving the Performance of Convolutional Neural Networks via Attention Transfer,Accept (Poster),"Sergey Zagoruyko, Nikos Komodakis"
16,Learning Visual Servoing with Deep Features and Fitted Q-Iteration,Accept (Poster),"Alex X. Lee, Sergey Levine, Pieter Abbeel"
17,Stochastic Neural Networks for Hierarchical Reinforcement Learning,Accept (Poster),"Carlos Florensa, Yan Duan, Pieter Abbeel"
18,Nonparametric Neural Networks,Accept (Poster),"George Philipp, Jaime G. Carbonell"
19,Distributed Second-Order Optimization using Kronecker-Factored Approximations,Accept (Poster),"Jimmy Ba, Roger Grosse, James Martens"
20,Pruning Filters for Efficient ConvNets,Accept (Poster),"Hao Li, Asim Kadav, Igor Durdanovic, Hanan Samet, Hans Peter Graf"
21,Learning to Generate Samples from Noise through Infusion Training,Accept (Poster),"Florian Bordes, Sina Honari, Pascal Vincent"
22,FILTER SHAPING FOR CONVOLUTIONAL NEURAL NETWORKS,Accept (Poster),"Xingyi Li, Fuxin Li, Xiaoli Fern, Raviv Raich"
23,Normalizing the Normalizers: Comparing and Extending Network Normalization Schemes,Accept (Poster),"Mengye Ren, Renjie Liao, Raquel Urtasun, Fabian H. Sinz, Richard S. Zemel"
24,Multilayer Recurrent Network Models of Primate Retinal Ganglion Cell Responses,Accept (Poster),"Eleanor Batty, Josh Merel, Nora Brackbill, Alexander Heitman, Alexander Sher, Alan Litke, E.J. Chichilnisky, Liam Paninski"
25,Improving Generative Adversarial Networks with Denoising Feature Matching,Accept (Poster),"David Warde-Farley, Yoshua Bengio"
26,Efficient Vector Representation for Documents through Corruption,Accept (Poster),Minmin Chen
27,Learning Invariant Feature Spaces to Transfer Skills with Reinforcement Learning,Accept (Poster),"Abhishek Gupta, Coline Devin, YuXuan Liu, Pieter Abbeel, Sergey Levine"
28,Transfer of View-manifold Learning to Similarity Perception of Novel Objects,Accept (Poster),"Xingyu Lin, Hao Wang, Zhihao Li, Yimeng Zhang, Alan Yuille, Tai Sing Lee"
29,What does it take to generate natural textures?,Accept (Poster),"Ivan Ustyuzhaninov *, Wieland Brendel *, Leon Gatys, Matthias Bethge"
30,Emergence of foveal image sampling from learning to attend in visual scenes,Accept (Poster),"Brian Cheung, Eric Weiss, Bruno Olshausen"
31,An Information-Theoretic Framework for Fast and Robust Unsupervised Learning via Neural Population Infomax,Accept (Poster),"Wentao Huang, Kechen Zhang"
32,PixelCNN++: Improving the PixelCNN with Discretized Logistic Mixture Likelihood and Other Modifications,Accept (Poster),"Tim Salimans, Andrej Karpathy, Xi Chen, Diederik P. Kingma"
33,Mode Regularized Generative Adversarial Networks,Accept (Poster),"Tong Che, Yanran Li, Athul Jacob, Yoshua Bengio, Wenjie Li"
34,Highway and Residual Networks learn Unrolled Iterative Estimation,Accept (Poster),"Klaus Greff, Rupesh K. Srivastava, Jürgen Schmidhuber"
35,Improving Neural Language Models with a Continuous Cache,Accept (Poster),"Edouard Grave, Armand Joulin, Nicolas Usunier"
36,Unsupervised Cross-Domain Image Generation,Accept (Poster),"Yaniv Taigman, Adam Polyak, Lior Wolf"
37,Third Person Imitation Learning,Accept (Poster),"Bradly C Stadie, Pieter Abbeel, Ilya Sutskever"
38,Variational Recurrent Adversarial Deep Domain Adaptation,Accept (Poster),"Sanjay Purushotham, Wilka Carvalho, Tanachat Nilanon, Yan Liu"
39,Program Synthesis for Character Level Language Modeling,Accept (Poster),"Pavol Bielik, Veselin Raychev, Martin Vechev"
40,Episodic Exploration for Deep Deterministic Policies for StarCraft Micromanagement,Accept (Poster),"Nicolas Usunier, Gabriel Synnaeve, Zeming Lin, Soumith Chintala"
41,Soft Weight-Sharing for Neural Network Compression,Accept (Poster),"Karen Ullrich, Edward Meeds, Max Welling"
42,Neural Program Lattices,Accept (Poster),"Chengtao Li, Daniel Tarlow, Alexander L. Gaunt, Marc Brockschmidt, Nate Kushman"
43,Tracking the World State with Recurrent Entity Networks,Accept (Poster),"Mikael Henaff, Jason Weston, Arthur Szlam, Antoine Bordes, Yann LeCun"
44,Steerable CNNs,Accept (Poster),"Taco S. Cohen, Max Welling"
45,"Learning to Query, Reason, and Answer Questions On Ambiguous Texts",Accept (Poster),"Xiaoxiao Guo, Tim Klinger, Clemens Rosenbaum, Joseph P. Bigus, Murray Campbell, Ban Kawas, Kartik Talamadupula, Gerry Tesauro, Satinder   Singh"
46,Deep Predictive Coding Networks for Video Prediction and Unsupervised Learning,Accept (Poster),"William Lotter, Gabriel Kreiman, David Cox"
47,Diet Networks: Thin Parameters for Fat Genomics,Accept (Poster),"Adriana Romero, Pierre Luc Carrier, Akram Erraqabi, Tristan Sylvain, Alex Auvolat, Etienne Dejoie, Marc-André Legault, Marie-Pierre Dubé, Julie G. Hussin, Yoshua Bengio"
48,Deep Biaffine Attention for Neural Dependency Parsing,Accept (Poster),"Timothy Dozat, Christopher D. Manning"
49,PixelVAE: A Latent Variable Model for Natural Images,Accept (Poster),"Ishaan Gulrajani, Kundan Kumar, Faruk Ahmed, Adrien Ali Taiga, Francesco Visin, David Vazquez, Aaron Courville"
50,"Snapshot Ensembles: Train 1, Get M for Free",Accept (Poster),"Gao Huang, Yixuan Li, Geoff Pleiss, Zhuang Liu, John E. Hopcroft, Kilian Q. Weinberger"
51,Training Agent for First-Person Shooter Game with Actor-Critic Curriculum Learning,Accept (Poster),"Yuxin Wu, Yuandong Tian"
52,Neuro-Symbolic Program Synthesis,Accept (Poster),"Emilio Parisotto, Abdel-rahman Mohamed, Rishabh Singh, Lihong Li, Dengyong Zhou, Pushmeet Kohli"
53,Decomposing Motion and Content for Natural Video Sequence Prediction,Accept (Poster),"Ruben Villegas, Jimei Yang, Seunghoon Hong, Xunyu Lin, Honglak Lee"
54,Towards a Neural Statistician,Accept (Poster),"Harrison Edwards, Amos Storkey"
55,Generative Models and Model Criticism via Optimized Maximum Mean Discrepancy,Accept (Poster),"Dougal J. Sutherland, Hsiao-Yu Tung, Heiko Strathmann, Soumyajit De, Aaditya Ramdas, Alex Smola, Arthur Gretton"
56,Generalizing Skills with Semi-Supervised Reinforcement Learning,Accept (Poster),"Chelsea Finn, Tianhe Yu, Justin Fu, Pieter Abbeel, Sergey Levine"
57,Learning Curve Prediction with Bayesian Neural Networks,Accept (Poster),"Aaron Klein, Stefan Falkner, Jost Tobias Springenberg, Frank Hutter"
58,Learning to Optimize,Accept (Poster),"Ke Li, Jitendra Malik"
59,A Compare-Aggregate Model for Matching Text Sequences,Accept (Poster),"Shuohang Wang, Jing Jiang"
60,Data Noising as Smoothing in Neural Network Language Models,Accept (Poster),"Ziang Xie, Sida I. Wang, Jiwei Li, Daniel Lévy, Aiming Nie, Dan Jurafsky, Andrew Y. Ng"
61,Training Compressed Fully-Connected Networks with a Density-Diversity Penalty,Accept (Poster),"Shengjie Wang, Haoran Cai, Jeff Bilmes, William Noble"
62,Autoencoding Variational Inference For Topic Models,Accept (Poster),"Akash Srivastava, Charles Sutton"
63,Optimal Binary Autoencoding with Pairwise Correlations,Accept (Poster),Akshay Balsubramani
64,On the Quantitative Analysis of Decoder-Based Generative Models,Accept (Poster),"Yuhuai Wu, Yuri Burda, Ruslan Salakhutdinov, Roger Grosse"
65,Trained Ternary Quantization,Accept (Poster),"Chenzhuo Zhu, Song Han, Huizi Mao, William J. Dally"
66,DSD: Dense-Sparse-Dense Training for Deep Neural Networks,Accept (Poster),"Song Han, Jeff Pool, Sharan Narang, Huizi Mao, Enhao Gong, Shijian Tang, Erich Elsen, Peter Vajda, Manohar Paluri, John Tran, Bryan Catanzaro, William J. Dally"
67,A Compositional Object-Based Approach to Learning Physical Dynamics,Accept (Poster),"Michael Chang, Tomer Ullman, Antonio Torralba, Joshua Tenenbaum"
68,Learning to Remember Rare Events,Accept (Poster),"Lukasz Kaiser, Ofir Nachum, Aurko Roy, Samy Bengio"
69,Transfer Learning for Sequence Tagging with Hierarchical Recurrent Networks,Accept (Poster),"Zhilin Yang, Ruslan Salakhutdinov, William W. Cohen"
70,Words or Characters? Fine-grained Gating for Reading Comprehension,Accept (Poster),"Zhilin Yang, Bhuwan Dhingra, Ye Yuan, Junjie Hu, William W. Cohen, Ruslan Salakhutdinov"
71,A Simple but Tough-to-Beat Baseline for Sentence Embeddings,Accept (Poster),"Sanjeev Arora, Yingyu Liang, Tengyu Ma"
72,Capacity and Trainability in Recurrent Neural Networks,Accept (Poster),"Jasmine Collins, Jascha Sohl-Dickstein, David Sussillo"
73,Learning to Perform Physics Experiments via Deep Reinforcement Learning,Accept (Poster),"Misha Denil, Pulkit Agrawal, Tejas D Kulkarni, Tom Erez, Peter Battaglia, Nando de Freitas"
74,Improving Policy Gradient by Exploring Under-appreciated Rewards,Accept (Poster),"Ofir Nachum, Mohammad Norouzi, Dale Schuurmans"
75,Deep Learning with Dynamic Computation Graphs,Accept (Poster),"Moshe Looks, Marcello Herreshoff, DeLesley Hutchins, Peter Norvig"
76,Calibrating Energy-based Generative Adversarial Networks,Accept (Poster),"Zihang Dai, Amjad Almahairi, Philip Bachman, Eduard Hovy, Aaron Courville"
77,Pruning Convolutional Neural Networks for Resource Efficient Inference,Accept (Poster),"Pavlo Molchanov, Stephen Tyree, Tero Karras, Timo Aila, Jan Kautz"
78,Query-Reduction Networks for Question Answering,Accept (Poster),"Minjoon Seo, Sewon Min, Ali Farhadi, Hannaneh Hajishirzi"
79,Designing Neural Network Architectures using Reinforcement Learning,Accept (Poster),"Bowen Baker, Otkrist Gupta, Nikhil Naik, Ramesh Raskar"
80,Machine Comprehension Using Match-LSTM and Answer Pointer,Accept (Poster),"Shuohang Wang, Jing Jiang"
81,DeepDSL: A Compilation-based Domain-Specific Language for Deep Learning,Accept (Poster),"Tian Zhao, Xiao Bing Huang, Yu Cao"
82,Bidirectional Attention Flow for Machine Comprehension,Accept (Poster),"Minjoon Seo, Aniruddha Kembhavi, Ali Farhadi, Hannaneh Hajishirzi"
83,Incorporating long-range consistency in CNN-based texture generation,Accept (Poster),"Guillaume Berger, Roland Memisevic"
84,Dynamic Coattention Networks For Question Answering,Accept (Poster),"Caiming Xiong, Victor Zhong, Richard Socher"
85,SampleRNN: An Unconditional End-to-End Neural Audio Generation Model,Accept (Poster),"Soroush Mehri, Kundan Kumar, Ishaan Gulrajani, Rithesh Kumar, Shubham Jain, Jose Sotelo, Aaron Courville, Yoshua Bengio"
86,Metacontrol for Adaptive Imagination-Based Optimization,Accept (Poster),"Jessica B. Hamrick, Andrew J. Ballard, Razvan Pascanu, Oriol Vinyals, Nicolas Heess, Peter W. Battaglia"
87,Exploring Sparsity in Recurrent Neural Networks,Accept (Poster),"Sharan Narang, Greg Diamos, Shubho Sengupta, Erich Elsen"
88,Lossy Image Compression with Compressive Autoencoders,Accept (Poster),"Lucas Theis, Wenzhe Shi, Andrew Cunningham, Ferenc Huszár"
89,Structured Attention Networks,Accept (Poster),"Yoon Kim, Carl Denton, Luong Hoang, Alexander M. Rush"
90,Zoneout: Regularizing RNNs by Randomly Preserving Hidden Activations,Accept (Poster),"David Krueger, Tegan Maharaj, Janos Kramar, Mohammad Pezeshki, Nicolas Ballas, Nan Rosemary Ke, Anirudh  Goyal, Yoshua Bengio, Aaron Courville, Christopher Pal"
91,Deep Probabilistic Programming,Accept (Poster),"Dustin Tran, Matthew D. Hoffman, Rif A. Saurous, Eugene Brevdo, Kevin Murphy, David M. Blei"
92,LR-GAN: Layered Recursive Generative Adversarial Networks for Image Generation,Accept (Poster),"Jianwei Yang, Anitha Kannan, Dhruv Batra, Devi Parikh"
93,Variational Lossy Autoencoder,Accept (Poster),"Xi Chen, Diederik P. Kingma, Tim Salimans, Yan Duan, Prafulla Dhariwal, John Schulman, Ilya Sutskever, Pieter Abbeel"
94,A recurrent neural network without chaos,Accept (Poster),"Thomas Laurent, James von Brecht"
95, Outrageously Large Neural Networks: The Sparsely-Gated Mixture-of-Experts Layer,Accept (Poster),"Noam Shazeer, *Azalia Mirhoseini, *Krzysztof Maziarz, Andy Davis, Quoc Le, Geoffrey Hinton, Jeff Dean"
96,Tree-structured decoding with doubly-recurrent neural networks,Accept (Poster),"David Alvarez-Melis, Tommi S. Jaakkola"
97,Introspection:Accelerating Neural Network Training By Learning Weight Evolution,Accept (Poster),"Abhishek Sinha, Aahitagni Mukherjee, Mausoom Sarkar, Balaji Krishnamurthy"
98,Hyperband: Bandit-Based Configuration Evaluation for Hyperparameter Optimization,Accept (Poster),"Lisha Li, Kevin Jamieson, Giulia DeSalvo, Afshin Rostamizadeh, Ameet Talwalkar"
99,Lie-Access Neural Turing Machines,Accept (Poster),"Greg Yang, Alexander Rush"
100,Quasi-Recurrent Neural Networks,Accept (Poster),"James Bradbury, Stephen Merity, Caiming Xiong, Richard Socher"
101,Recurrent Environment Simulators,Accept (Poster),"Silvia Chiappa, Sébastien Racaniere, Daan Wierstra, Shakir Mohamed"
102,EPOpt: Learning Robust Neural Network Policies Using Model Ensembles,Accept (Poster),"Aravind Rajeswaran, Sarvjeet Ghotra, Balaraman Ravindran, Sergey Levine"
103,"Attend, Adapt and Transfer: Attentive Deep Architecture for Adaptive Transfer from multiple sources in the same domain",Accept (Poster),"Janarthanan Rajendran, Aravind Lakshminarayanan, Mitesh M. Khapra, Prasanna P, Balaraman Ravindran"
104,Multi-view Recurrent Neural Acoustic Word Embeddings,Accept (Poster),"Wanjia He, Weiran Wang, Karen Livescu"
105,Learning Features of Music From Scratch,Accept (Poster),"John Thickstun, Zaid Harchaoui, Sham Kakade"
106,A Baseline for Detecting Misclassified and Out-of-Distribution Examples in Neural Networks,Accept (Poster),"Dan Hendrycks, Kevin Gimpel"
107,Learning to superoptimize programs,Accept (Poster),"Rudy Bunel, Alban Desmaison, M. Pawan Kumar, Philip H.S. Torr, Pushmeet Kohli"
108,Trusting SVM for Piecewise Linear CNNs,Accept (Poster),"Leonard Berrada, Andrew Zisserman, M. Pawan Kumar"
109,Sigma Delta Quantized Networks,Accept (Poster),"Peter O'Connor, Max Welling"
110,A STRUCTURED SELF-ATTENTIVE SENTENCE EMBEDDING,Accept (Poster),"Zhouhan Lin, Minwei Feng, Cicero Nogueira dos Santos, Mo Yu, Bing Xiang, Bowen Zhou, Yoshua Bengio"
111,Regularizing CNNs with Locally Constrained Decorrelations,Accept (Poster),"Pau Rodríguez, Jordi Gonzàlez, Guillem Cucurull, Josep M. Gonfaus, Xavier Roca"
112,Maximum Entropy Flow Networks,Accept (Poster),"Gabriel Loaiza-Ganem *, Yuanjun Gao *, John P. Cunningham"
113,The Concrete Distribution: A Continuous Relaxation of Discrete Random Variables,Accept (Poster),"Chris J. Maddison, Andriy Mnih, Yee Whye Teh"
114,Unrolled Generative Adversarial Networks,Accept (Poster),"Luke Metz, Ben Poole, David Pfau, Jascha Sohl-Dickstein"
115,TopicRNN: A Recurrent Neural Network with Long-Range Semantic Dependency,Accept (Poster),"Adji B. Dieng, Chong Wang, Jianfeng Gao, John Paisley"
116,Frustratingly Short Attention Spans in Neural Language Modeling,Accept (Poster),"Michał Daniluk, Tim Rocktäschel, Johannes Welbl, Sebastian Riedel"
117,Recurrent Hidden Semi-Markov Model,Accept (Poster),"Hanjun Dai, Bo Dai, Yan-Ming Zhang, Shuang Li, Le Song"
118,Deep Variational Bayes Filters: Unsupervised Learning of State Space Models from Raw Data,Accept (Poster),"Maximilian Karl, Maximilian Soelch, Justin Bayer, Patrick van der Smagt"
119,Generative Multi-Adversarial Networks,Accept (Poster),"Ishan Durugkar, Ian Gemp, Sridhar Mahadevan"
120,Mollifying Networks,Accept (Poster),"Caglar Gulcehre, Marcin Moczulski, Francesco Visin, Yoshua Bengio"
121,beta-VAE: Learning Basic Visual Concepts with a Constrained Variational Framework,Accept (Poster),"Irina Higgins, Loic Matthey, Arka Pal, Christopher Burgess, Xavier Glorot, Matthew Botvinick, Shakir Mohamed, Alexander Lerchner"
122,"Offline bilingual word vectors, orthogonal transformations and the inverted softmax",Accept (Poster),"Samuel L. Smith, David H. P. Turban, Steven Hamblin, Nils Y. Hammerla"
123,Visualizing Deep Neural Network Decisions: Prediction Difference Analysis,Accept (Poster),"Luisa M Zintgraf, Taco S Cohen, Tameem Adel, Max Welling"
124,Categorical Reparameterization with Gumbel-Softmax,Accept (Poster),"Eric Jang, Shixiang Gu, Ben Poole"
125,Online Bayesian Transfer Learning for Sequential Data Modeling,Accept (Poster),"Priyank Jaini, Zhitang Chen, Pablo Carbajal, Edith Law, Laura Middleton, Kayla Regan, Mike Schaekermann, George Trimponias, James Tung, Pascal Poupart"
126,Latent Sequence Decompositions,Accept (Poster),"William Chan, Yu Zhang, Quoc Le, Navdeep Jaitly"
127,Paleo: A Performance Model for Deep Neural Networks,Accept (Poster),"Hang Qi, Evan R. Sparks, Ameet Talwalkar"
128,Combining policy gradient and Q-learning,Accept (Poster),"Brendan O'Donoghue, Remi Munos, Koray Kavukcuoglu, Volodymyr Mnih"
129,Density estimation using Real NVP,Accept (Poster),"Laurent Dinh, Jascha Sohl-Dickstein, Samy Bengio"
130,Recurrent Batch Normalization,Accept (Poster),"Tim Cooijmans, Nicolas Ballas, César Laurent, Çağlar Gülçehre, Aaron Courville"
131,SGDR: Stochastic Gradient Descent with Warm Restarts,Accept (Poster),"Ilya Loshchilov, Frank Hutter"
132,Learning a Natural Language Interface with Neural Programmer,Accept (Poster),"Arvind Neelakantan, Quoc V. Le, Martin Abadi, Andrew McCallum, Dario Amodei"
133,Reinforcement Learning through Asynchronous Advantage Actor-Critic on a GPU,Accept (Poster),"Mohammad Babaeizadeh, Iuri Frosio, Stephen Tyree, Jason Clemons, Jan Kautz"
134,Learning to Navigate in Complex Environments,Accept (Poster),"Piotr Mirowski, Razvan Pascanu, Fabio Viola, Hubert Soyer, Andy Ballard, Andrea Banino, Misha Denil, Ross Goroshin, Laurent Sifre, Koray Kavukcuoglu, Dharshan Kumaran, Raia Hadsell"
135,DeepCoder: Learning to Write Programs,Accept (Poster),"Matej Balog, Alexander L. Gaunt, Marc Brockschmidt, Sebastian Nowozin, Daniel Tarlow"
136,Learning and Policy Search in Stochastic Dynamical Systems with Bayesian Neural Networks,Accept (Poster),"Stefan Depeweg, José Miguel Hernández-Lobato, Finale Doshi-Velez, Steffen Udluft"
137,Variable Computation in Recurrent Neural Networks,Accept (Poster),"Yacine Jernite, Edouard Grave, Armand Joulin, Tomas Mikolov"
138,Deep Variational Information Bottleneck,Accept (Poster),"Alexander A. Alemi, Ian Fischer, Joshua V. Dillon, Kevin Murphy"
139,The Neural Noisy Channel,Accept (Poster),"Lei Yu, Phil Blunsom, Chris Dyer, Edward Grefenstette, Tomas Kocisky"
140,Automatic Rule Extraction from Long Short Term Memory Networks,Accept (Poster),"W. James Murdoch, Arthur Szlam"
141,Dialogue Learning With Human-in-the-Loop,Accept (Poster),"Jiwei Li, Alexander H. Miller, Sumit Chopra, Marc'Aurelio Ranzato, Jason Weston"
142,Adversarially Learned Inference,Accept (Poster),"Vincent Dumoulin, Ishmael Belghazi, Ben Poole, Alex Lamb, Martin Arjovsky, Olivier Mastropietro, Aaron Courville"
143,Learning through Dialogue Interactions by Asking Questions,Accept (Poster),"Jiwei Li, Alexander H. Miller, Sumit Chopra, Marc'Aurelio Ranzato, Jason Weston"
144,Deep Information Propagation,Accept (Poster),"Samuel S. Schoenholz, Justin Gilmer, Surya Ganguli, Jascha Sohl-Dickstein"
145,FractalNet: Ultra-Deep Neural Networks without Residuals,Accept (Poster),"Gustav Larsson, Michael Maire, Gregory Shakhnarovich"
146,Revisiting Classifier Two-Sample Tests,Accept (Poster),"David Lopez-Paz, Maxime Oquab"
147,Topology and Geometry of Half-Rectified Network Optimization,Accept (Poster),"C. Daniel Freeman, Joan Bruna"
148,Learning to Repeat: Fine Grained Action Repetition for Deep Reinforcement Learning,Accept (Poster),"Sahil Sharma, Aravind S. Lakshminarayanan, Balaraman Ravindran"
149,Loss-aware Binarization of Deep Networks,Accept (Poster),"Lu Hou, Quanming Yao, James T. Kwok"
150,Learning to Play in a Day: Faster Deep Reinforcement Learning by Optimality Tightening,Accept (Poster),"Frank S.He, Yang Liu, Alexander G. Schwing, Jian Peng"
151,Energy-based Generative Adversarial Networks,Accept (Poster),"Junbo Zhao, Michael Mathieu, Yann LeCun"
152,Central Moment Discrepancy (CMD) for Domain-Invariant Representation Learning,Accept (Poster),"Werner Zellinger, Thomas Grubinger, Edwin Lughofer, Thomas Natschläger, Susanne Saminger-Platz"
153,Incremental Network Quantization: Towards Lossless CNNs with Low-precision Weights,Accept (Poster),"Aojun Zhou, Anbang Yao, Yiwen Guo, Lin Xu, Yurong Chen"
154,Entropy-SGD: Biasing Gradient Descent Into Wide Valleys,Accept (Poster),"Pratik Chaudhari, Anna Choromanska, Stefano Soatto, Yann LeCun, Carlo Baldassi, Christian Borgs, Jennifer Chayes, Levent Sagun, Riccardo Zecchina"
155,Deep Multi-task Representation Learning: A Tensor Factorisation Approach,Accept (Poster),"Yongxin Yang, Timothy M. Hospedales"
156,Sample Efficient Actor-Critic with  Experience Replay,Accept (Poster),"Ziyu Wang, Victor Bapst, Nicolas Heess, Volodymyr Mnih, Remi Munos, Koray Kavukcuoglu, Nando de Freitas"
157,Temporal Ensembling for Semi-Supervised Learning,Accept (Poster),"Samuli Laine, Timo Aila"
158,On Detecting Adversarial Perturbations,Accept (Poster),"Jan Hendrik Metzen, Tim Genewein, Volker Fischer, Bastian Bischoff"
159,Training deep neural-networks using a noise adaptation layer,Accept (Poster),"Jacob Goldberger, Ehud Ben-Reuven"
160,Learning to Compose Words into Sentences with Reinforcement Learning,Accept (Poster),"Dani Yogatama, Phil Blunsom, Chris Dyer, Edward Grefenstette, Wang Ling"
161,Delving into Transferable Adversarial Examples and Black-box Attacks,Accept (Poster),"Yanpei Liu, Xinyun Chen, Chang Liu, Dawn Song"
162,Identity Matters in Deep Learning,Accept (Poster),"Moritz Hardt, Tengyu Ma"
163,Adversarial Feature Learning,Accept (Poster),"Jeff Donahue, Philipp Krähenbühl, Trevor Darrell"
164,Towards the Limit of Network Quantization,Accept (Poster),"Yoojin Choi, Mostafa El-Khamy, Jungwon Lee"
165,Faster CNNs with Direct Sparse Convolutions and Guided Pruning,Accept (Poster),"Jongsoo Park, Sheng Li, Wei Wen, Ping Tak Peter Tang, Hai Li, Yiran Chen, Pradeep Dubey"
166,Stick-Breaking Variational Autoencoders,Accept (Poster),"Eric Nalisnick, Padhraic Smyth"
167,Batch Policy Gradient  Methods for  Improving Neural Conversation Models,Accept (Poster),"Kirthevasan Kandasamy, Yoram Bachrach, Ryota Tomioka, Daniel Tarlow, David Carter"
168,Support Regularized Sparse Coding and Its Fast Encoder,Accept (Poster),"Yingzhen Yang, Jiahui Yu, Pushmeet Kohli, Jianchao Yang, Thomas S. Huang"
169,Tying Word Vectors and Word Classifiers: A Loss Framework for Language Modeling,Accept (Poster),"Hakan Inan, Khashayar Khosravi, Richard Socher"
170,Towards Deep Interpretability (MUS-ROVER II): Learning Hierarchical Representations of Tonal Music,Accept (Poster),"Haizi Yu, Lav R. Varshney"
171,Discrete Variational Autoencoders,Accept (Poster),Jason Tyler Rolfe
172,Do Deep Convolutional Nets Really Need to be Deep and Convolutional?,Accept (Poster),"Gregor Urban, Krzysztof J. Geras, Samira Ebrahimi Kahou, Ozlem Aslan, Shengjie Wang, Abdelrahman Mohamed, Matthai Philipose, Matt Richardson, Rich Caruana"
173,Geometry of Polysemy,Accept (Poster),"Jiaqi Mu, Suma Bhat, Pramod Viswanath"
174,Learning Invariant Representations Of Planar Curves ,Accept (Poster),"Gautam Pai, Aaron Wetzler, Ron Kimmel"
175,Reasoning with Memory Augmented Neural Networks for Language Comprehension,Accept (Poster),"Tsendsuren Munkhdalai, Hong Yu"
176,Learning Recurrent Representations for Hierarchical Behavior Modeling,Accept (Poster),"Eyrun Eyjolfsdottir, Kristin Branson, Yisong Yue, Pietro Perona"
177,Adversarial Machine Learning at Scale,Accept (Poster),"Alexey Kurakin, Ian J. Goodfellow, Samy Bengio"
178,Predicting Medications from Diagnostic Codes with Recurrent Neural Networks,Accept (Poster),"Jacek M. Bajor, Thomas A. Lasko"
179,Recurrent Mixture Density Network for Spatiotemporal Visual Attention,Accept (Poster),"Loris Bazzani, Hugo Larochelle, Lorenzo Torresani"
180,Inductive Bias of Deep Convolutional Networks through Pooling Geometry,Accept (Poster),"Nadav Cohen, Amnon Shashua"
181,Efficient Representation of Low-Dimensional Manifolds using Deep Networks,Accept (Poster),"Ronen Basri, David W. Jacobs"
182,Semi-Supervised Classification with Graph Convolutional Networks,Accept (Poster),"Thomas N. Kipf, Max Welling"
183,Sparsely-Connected Neural Networks: Towards Efficient VLSI Implementation of Deep Neural Networks,Accept (Poster),"Arash Ardakani, Carlo Condo, Warren J. Gross"
184,Adversarial Training Methods for Semi-Supervised Text Classification,Accept (Poster),"Takeru Miyato, Andrew M. Dai, Ian Goodfellow"
185,Fine-grained Analysis of Sentence Embeddings Using Auxiliary Prediction Tasks,Accept (Poster),"Yossi Adi, Einat Kermany, Yonatan Belinkov, Ofer Lavi, Yoav Goldberg"
186,Pointer Sentinel Mixture Models,Accept (Poster),"Stephen Merity, Caiming Xiong, James Bradbury, Richard Socher"
187,An Actor-Critic Algorithm for Sequence Prediction,Accept (Poster),"Dzmitry Bahdanau, Philemon Brakel, Kelvin Xu, Anirudh Goyal, Ryan Lowe, Joelle Pineau, Aaron Courville, Yoshua Bengio"
188,Understanding Trainable Sparse Coding with Matrix Factorization,Accept (Poster),"Thomas Moreau, Joan Bruna"
189,Tighter bounds lead to improved classifiers,Accept (Poster),Nicolas Le Roux
190,HolStep: A Machine Learning Dataset for Higher-order Logic Theorem Proving,Accept (Poster),"Cezary Kaliszyk, François Chollet, Christian Szegedy"
191,Why Deep Neural Networks for Function Approximation?,Accept (Poster),"Shiyu Liang, R. Srikant"
192,Hierarchical Multiscale Recurrent Neural Networks,Accept (Poster),"Junyoung Chung, Sungjin Ahn, Yoshua Bengio"
193,Neural Photo Editing with Introspective Adversarial Networks,Accept (Poster),"Andrew Brock, Theodore Lim, J.M. Ritchie, Nick Weston"
194,Dropout with Expectation-linear Regularization,Accept (Poster),"Xuezhe Ma, Yingkai Gao, Zhiting Hu, Yaoliang Yu, Yuntian Deng, Eduard Hovy"
195,HyperNetworks,Accept (Poster),"David Ha, Andrew M. Dai, Quoc V. Le"
196,A Learned Representation For Artistic Style,Accept (Poster),"Vincent Dumoulin, Jonathon Shlens, Manjunath Kudlur"
197,Hadamard Product for Low-rank Bilinear Pooling,Accept (Poster),"Jin-Hwa Kim, Kyoung-Woon On, Woosang Lim, Jeonghee Kim, Jung-Woo Ha, Byoung-Tak Zhang"
198,Towards an automatic Turing test: Learning to evaluate dialogue responses,Invite to Workshop Track,"Ryan Lowe, Michael Noseworthy, Iulian V. Serban, Nicolas Angelard-Gontier, Yoshua Bengio, Joelle Pineau"
199,Gated Multimodal Units for Information Fusion,Invite to Workshop Track,"John Arevalo, Thamar Solorio, Manuel Montes-y-Gómez, Fabio A. González"
200,Unsupervised Perceptual Rewards for Imitation Learning,Invite to Workshop Track,"Pierre Sermanet, Kelvin Xu, Sergey Levine"
201, A Theoretical Framework for Robustness of (Deep) Classifiers against Adversarial Samples,Invite to Workshop Track,"Beilun Wang, Ji Gao, Yanjun Qi"
202,Lifelong Perceptual Programming By Example,Invite to Workshop Track,"Alexander L. Gaunt, Marc Brockschmidt, Nate Kushman, Daniel Tarlow"
203,Automated Generation of Multilingual Clusters for the Evaluation of Distributed Representations,Invite to Workshop Track,"Philip Blair, Yuval Merhav, Joel Barry"
204,Shift Aggregate Extract Networks,Invite to Workshop Track,"Francesco Orsini, Daniele Baracchi, Paolo Frasconi"
205,Programming With a Differentiable Forth Interpreter,Invite to Workshop Track,"Matko Bošnjak, Tim Rocktäschel, Jason Naradowsky, Sebastian Riedel"
206,Bit-Pragmatic Deep Neural Network Computing,Invite to Workshop Track,"Jorge Albericio, Patrick Judd, Alberto Delmas, Sayeh Sharify, Andreas Moshovos"
207,Recursive Regression with Neural Networks: Approximating the HJI PDE Solution,Invite to Workshop Track,"Vicenç Rubies Royo, Claire Tomlin"
208,Nonparametrically Learning Activation Functions in Deep Neural Nets,Invite to Workshop Track,"Carson Eisenach, Zhaoran Wang, Han Liu"
209,Generalizable Features From Unsupervised Learning,Invite to Workshop Track,"Mehdi Mirza, Aaron Courville, Yoshua Bengio"
210,Deep Learning with Sets and Point Clouds,Invite to Workshop Track,"Siamak Ravanbakhsh, Jeff Schneider, Barnabas Poczos"
211,Exponential Machines,Invite to Workshop Track,"Alexander Novikov, Mikhail Trofimov, Ivan Oseledets"
212,Song From PI: A Musically Plausible Network for Pop Music Generation,Invite to Workshop Track,"Hang Chu, Raquel Urtasun, Sanja Fidler"
213,Learning to Discover Sparse Graphical Models,Invite to Workshop Track,"Eugene Belilovsky, Kyle Kastner, Gael Varoquaux, Matthew B. Blaschko"
214,Learning to Draw Samples: With Application to Amortized MLE for Generative Adversarial Learning,Invite to Workshop Track,"Dilin Wang, Qiang Liu"
215,Recurrent Normalization Propagation,Invite to Workshop Track,"César Laurent, Nicolas Ballas, Pascal Vincent"
216,Generating Interpretable Images with Controllable Structure,Invite to Workshop Track,"Scott Reed, Aäron van den Oord, Nal Kalchbrenner, Victor Bapst, Matt Botvinick, Nando de Freitas"
217,Fast Chirplet Transform to Enhance CNN Machine Listening - Validation on Animal calls and Speech,Invite to Workshop Track,"Herve Glotin, Julien Ricard, Randall Balestriero"
218,Symmetry-Breaking Convergence Analysis of Certain Two-layered Neural Networks with ReLU nonlinearity,Invite to Workshop Track,Yuandong Tian
219,Efficient Softmax Approximation for GPUs,Invite to Workshop Track,"Édouard Grave, Armand Joulin, Moustapha Cissé, David Grangier, Hervé Jégou"
220,Dataset Augmentation in Feature Space,Invite to Workshop Track,"Terrance DeVries, Graham W. Taylor"
221,Online Structure Learning for Sum-Product Networks with Gaussian Leaves,Invite to Workshop Track,"Wilson Hsu, Agastya Kalra, Pascal Poupart"
222,Neural Taylor Approximations: Convergence and Exploration in Rectifier Networks,Invite to Workshop Track,"David Balduzzi, Brian McWilliams, Tony Butler-Yeoman"
223,Multiplicative LSTM for sequence modelling,Invite to Workshop Track,"Ben Krause, Iain Murray, Steve Renals, Liang Lu"
224,Neural Functional Programming,Invite to Workshop Track,"John K. Feser, Marc Brockschmidt, Alexander L. Gaunt, Daniel Tarlow"
225,Tuning Recurrent Neural Networks with Reinforcement Learning,Invite to Workshop Track,"Natasha Jaques, Shixiang Gu, Richard E. Turner, Douglas Eck"
226,Discovering objects and their relations from entangled scene representations,Invite to Workshop Track,"David Raposo, Adam Santoro, David Barrett, Razvan Pascanu, Timothy Lillicrap, Peter Battaglia"
227,Perception Updating Networks: On architectural constraints for interpretable video generative models,Invite to Workshop Track,"Eder Santana, Jose C Principe"
228,Neural Data Filter for Bootstrapping Stochastic Gradient Descent,Invite to Workshop Track,"Yang Fan, Fei Tian, Tao Qin, Tie-Yan Liu"
229,Surprise-Based Intrinsic Motivation for Deep Reinforcement Learning,Invite to Workshop Track,"Joshua Achiam, Shankar Sastry"
230,Learning in Implicit Generative Models,Invite to Workshop Track,"Shakir Mohamed, Balaji Lakshminarayanan"
231,Adaptive Feature Abstraction for Translating Video to Language,Invite to Workshop Track,"Yunchen Pu, Martin Renqiang Min, Zhe Gan, Lawrence Carin"
232,On Robust Concepts and Small Neural Nets,Invite to Workshop Track,"Amit Deshpande, Sushrut Karmalkar"
233,RenderGAN: Generating Realistic Labeled Data,Invite to Workshop Track,"Leon Sixt, Benjamin Wild, Tim Landgraf"
234,Learning Continuous Semantic Representations of Symbolic Expressions,Invite to Workshop Track,"Miltiadis Allamanis, Pankajan Chanthirasegaran, Pushmeet Kohli, Charles Sutton"
235,Semi-supervised deep learning by metric embedding,Invite to Workshop Track,"Elad Hoffer, Nir Ailon"
236,Modularized Morphing of Neural Networks,Invite to Workshop Track,"Tao Wei, Changhu Wang, Chang Wen Chen"
237,Short and Deep: Sketching and Neural Networks,Invite to Workshop Track,"Amit Daniely, Nevena Lazic, Yoram Singer, Kunal Talwar"
238,Modular Multitask Reinforcement Learning with Policy Sketches,Invite to Workshop Track,"Jacob Andreas, Dan Klein, Sergey Levine"
239,Development of JavaScript-based deep learning platform and application to distributed training,Invite to Workshop Track,"Masatoshi Hidaka, Ken Miura, Tatsuya Harada"
240,A Differentiable Physics Engine for Deep Learning in Robotics,Invite to Workshop Track,"Jonas Degrave, Michiel Hermans, Joni Dambre, Francis wyffels"
241,Compositional Kernel Machines,Invite to Workshop Track,"Robert Gens, Pedro Domingos"
242,Extrapolation and learning equations,Invite to Workshop Track,"Georg Martius, Christoph H. Lampert"
243,Adversarial examples in the physical world,Invite to Workshop Track,"Alexey Kurakin, Ian J. Goodfellow, Samy Bengio"
244,Charged Point Normalization: An Efficient Solution to the Saddle Point Problem,Invite to Workshop Track,Armen Aghajanyan
245,Energy-Based Spherical Sparse Coding,Reject,"Bailey Kong, Charless C. Fowlkes"
246,Revisiting Denoising Auto-Encoders,Reject,Luis Gonzalo Sanchez Giraldo
247,End-to-End Learnable Histogram Filters,Reject,"Rico Jonschkowski, Oliver Brock"
248,Rotation Plane Doubly Orthogonal Recurrent Neural Networks,Reject,"Zoe McCarthy, Andrew Bai, Xi Chen, Pieter Abbeel"
249,Near-Data Processing for Machine Learning,Reject,"Hyeokjun Choe, Seil Lee, Hyunha Nam, Seongsik Park, Seijoon Kim, Eui-Young Chung, Sungroh Yoon"
250,Investigating Recurrence and Eligibility Traces in Deep Q-Networks,Reject,"Jean Harb, Doina Precup"
251,Exploring the Application of Deep Learning for Supervised Learning Problems,Reject,"Jose Rozanec, Gilad Katz, Eui Chul Richard Shin, Dawn Song"
252,An Empirical Analysis of Deep Network Loss Surfaces,Reject,"Daniel Jiwoong Im, Michael Tao, Kristin Branson"
253,Unsupervised Learning Using Generative Adversarial Training And Clustering,Reject,"Vittal Premachandran, Alan L. Yuille"
254,#Exploration: A Study of Count-Based Exploration for Deep Reinforcement Learning,Reject,"Haoran Tang, Rein Houthooft, Davis Foote, Adam Stooke, Xi Chen, Yan Duan, John Schulman, Filip De Turck, Pieter Abbeel"
255,Prototypical Networks for Few-shot Learning,Reject,"Jake Snell, Kevin Swersky, Richard Zemel"
256,On orthogonality and learning recurrent networks with long term dependencies,Reject,"Eugene Vorontsov, Chiheb Trabelsi, Samuel Kadoury, Chris Pal"
257,Deep Neural Networks and the Tree of Life,Reject,"Yan Wang, Kun He, John E. Hopcroft, Yu Sun"
258,Generative Adversarial Parallelization,Reject,"Daniel Jiwoong Im, He Ma, Chris Dongjoo Kim, Graham Taylor"
259,b-GAN: Unified Framework of Generative Adversarial Networks,Reject,"Masatosi Uehara, Issei Sato, Masahiro Suzuki, Kotaro Nakayama, Yutaka Matsuo"
260,Higher Order Recurrent Neural Networks,Reject,"Rohollah Soltani, Hui Jiang"
261,Generative Adversarial Networks as Variational Training of Energy Based Models,Reject,"Shuangfei Zhai, Yu Cheng, Rogerio Feris, Zhongfei Zhang"
262,Introducing Active Learning for CNN under the light of Variational Inference,Reject,"Melanie Ducoffe, Frederic Precioso"
263,An Information Retrieval Approach for Finding Dependent Subspaces of Multiple Views,Reject,"Ziyuan Lin, Jaakko Peltonen"
264,Character-aware Attention Residual Network for Sentence Representation,Reject,"Xin Zheng, Zhenzhou Wu"
265,Attentive Recurrent Comparators,Reject,"Pranav Shyam, Ambedkar Dukkipati"
266,CAN AI GENERATE LOVE ADVICE?: TOWARD NEURAL ANSWER GENERATION FOR NON-FACTOID QUESTIONS,Reject,"Makoto Nakatsuji, Hisashi Ito, Naruhiro Ikeda, Shota Sagara, Akihisa Fujita"
267,Boosted Generative Models,Reject,"Aditya Grover, Stefano Ermon"
268,Adversarial examples for generative models,Reject,"Jernej Kos, Ian Fischer, Dawn Song"
269,Towards Information-Seeking Agents,Reject,"Philip Bachman, Alessandro Sordoni, Adam Trischler"
270,Multi-label learning with the RNNs for Fashion Search,Reject,Taewan Kim
271,Differentiable Canonical Correlation Analysis,Reject,"Matthias Dorfer, Jan Schlüter, Gerhard Widmer"
272,Generating Long and Diverse Responses with Neural Conversation Models,Reject,"Louis Shao, Stephan Gouws, Denny Britz, Anna Goldie, Brian Strope, Ray Kurzweil"
273,Understanding intermediate layers using linear classifier probes,Reject,"Guillaume Alain, Yoshua Bengio"
274,Improving Invariance and Equivariance Properties of Convolutional Neural Networks,Reject,"Christopher Tensmeyer, Tony Martinez"
275,TreNet: Hybrid Neural Networks for Learning the Local Trend in Time Series,Reject,"Tao Lin, Tian Guo, Karl Aberer"
276,Intelligible Language Modeling with Input Switched Affine Networks,Reject,"Jakob Foerster, Justin Gilmer, Jan Chorowski, Jascha Sohl-dickstein, David Sussillo"
277,Sequence generation with a physiologically plausible model of handwriting and Recurrent Mixture Density Networks,Reject,"Daniel Berio, Memo Akten, Frederic Fol Leymarie, Mick Grierson, Réjean Plamondon"
278,CONTENT2VEC: SPECIALIZING JOINT REPRESENTATIONS OF PRODUCT IMAGES AND TEXT FOR THE TASK OF PRODUCT RECOMMENDATION,Reject,"Thomas Nedelec, Elena Smirnova, Flavian Vasile"
279,Out-of-class novelty generation: an experimental foundation,Reject,"Mehdi Cherti, Balázs Kégl, Akın Kazakçı"
280,A Joint Many-Task Model: Growing a Neural Network for Multiple NLP Tasks,Reject,"Kazuma Hashimoto, Caiming Xiong, Yoshimasa Tsuruoka, Richard Socher"
281,Representation Stability as a Regularizer for Improved Text Analytics Transfer Learning,Reject,"Matthew Riemer, Elham Khabiri, Richard Goodwin"
282,Extensions and Limitations of the Neural GPU,Reject,"Eric Price, Wojciech Zaremba, Ilya Sutskever"
283,DeepRebirth: A General Approach for Accelerating Deep Neural Network Execution on Mobile Devices,Reject,"Dawei Li, Xiaolong Wang, Deguang Kong, Mooi Choo Chuah"
284,Semi-Supervised Detection of Extreme Weather Events in Large Climate Datasets,Reject,"Evan Racah, Christopher Beckham, Tegan Maharaj, Prabhat, Christopher Pal"
285,Structured Sequence Modeling with Graph Convolutional Recurrent Networks,Reject,"Youngjoo Seo, Michaël Defferrard, Pierre Vandergheynst, Xavier Bresson"
286,End-to-End Answer Chunk Extraction and Ranking for Reading Comprehension,Reject,"Yang Yu, Wei Zhang, Bowen Zhou, Kazi Hasan, Mo Yu, Bing Xiang"
287,Sample Importance in Training Deep Neural Networks,Reject,"Tianxiang Gao, Vladimir Jojic"
288,Epitomic Variational Autoencoders,Reject,"Serena Yeung, Anitha Kannan, Yann Dauphin, Li Fei-Fei"
289,Learning Disentangled Representations in Deep Generative Models,Reject,"N. Siddharth, Brooks Paige, Alban Desmaison, Jan-Willem van de Meent, Frank Wood, Noah D. Goodman, Pushmeet Kohli, Philip H.S. Torr"
290,Low-rank passthrough neural networks,Reject,Antonio Valerio Miceli Barone
291,Inference and Introspection in Deep Generative Models of Sparse Data,Reject,"Rahul G. Krishnan, Matthew Hoffman"
292,Implicit ReasoNet: Modeling Large-Scale Structured Relationships with Shared Memory,Reject,"Yelong Shen*, Po-Sen Huang*, Ming-Wei Chang, Jianfeng Gao"
293,Neural Combinatorial Optimization with Reinforcement Learning,Reject,"Irwan Bello*, Hieu Pham*, Quoc V. Le, Mohammad Norouzi, Samy Bengio"
294,Wav2Letter: an End-to-End ConvNet-based Speech Recognition System,Reject,"Ronan Collobert, Christian Puhrsch, Gabriel Synnaeve"
295,Recurrent Neural Networks for Multivariate Time Series with Missing Values,Reject,"Zhengping Che, Sanjay Purushotham, Kyunghyun Cho, David Sontag, Yan Liu"
296,Group Sparse CNNs for Question Sentence Classification with Answer Sets,Reject,"Mingbo Ma, Liang Huang, Bing Xiang, Bowen Zhou"
297,NEWSQA: A MACHINE COMPREHENSION DATASET,Reject,"Adam Trischler, Tong Wang, Xingdi Yuan, Justin Harris, Alessandro Sordoni, Philip Bachman, Kaheer Suleman"
298,Gated-Attention Readers for Text Comprehension,Reject,"Bhuwan Dhingra, Hanxiao Liu, Zhilin Yang, William W. Cohen, Ruslan Salakhutdinov"
299,Neural Code Completion,Reject,"Chang Liu, Xin Wang, Richard Shin, Joseph E. Gonzalez, Dawn Song"
300,Here's My Point: Argumentation Mining with Pointer Networks,Reject,"Peter Potash, Alexey Romanov, Anna Rumshisky"
301,Tree-Structured Variational Autoencoder,Reject,"Richard Shin, Alexander A. Alemi, Geoffrey Irving, Oriol Vinyals"
302,Learning Approximate Distribution-Sensitive Data Structures,Reject,"Zenna Tavares, Armando Solar-Lezama"
303,Memory-augmented Attention Modelling for Videos,Reject,"Rasool Fakoor, Abdel-rahman Mohamed, Margaret Mitchell, Sing Bing Kang, Pushmeet Kohli"
304,Taming the waves: sine as activation function in deep neural networks,Reject,"Giambattista Parascandolo, Heikki Huttunen, Tuomas Virtanen"
305,Convolutional Neural Networks Generalization Utilizing the Data Graph Structure,Reject,"Yotam Hechtlinger, Purvasha Chakravarti, Jining Qin"
306,Evaluation of Defensive Methods for DNNs against Multiple Adversarial Evasion Models,Reject,"Xinyun Chen, Bo Li, Yevgeniy Vorobeychik"
307,Collaborative Deep Embedding via Dual Networks,Reject,"Yilei Xiong, Dahua Lin, Haoying Niu, JIefeng Cheng, Zhenguo Li"
308,Transformation-based Models of Video Sequences,Reject,"Joost van Amersfoort, Anitha Kannan, Marc'Aurelio Ranzato, Arthur Szlam, Du Tran, Soumith Chintala"
309,Neural Causal Regularization under the Independence of Mechanisms Assumption,Reject,"Mohammad Taha Bahadori, Krzysztof Chalupka, Edward Choi, Robert Chen, Walter F. Stewart, Jimeng Sun"
310,Recurrent Coevolutionary Feature Embedding Processes for Recommendation,Reject,"Hanjun Dai*, Yichen Wang*, Rakshit Trivedi, Le Song"
311,L-SR1: A Second Order Optimization Method for Deep Learning,Reject,"Vivek Ramamurthy, Nigel Duffy"
312,Inverse Problems in Computer Vision using  Adversarial  Imagination Priors,Reject,"Hsiao-Yu Fish Tung, Katerina Fragkiadaki"
313,Leveraging Asynchronicity in Gradient Descent for Scalable Deep Learning,Reject,"Jeff Daily, Abhinav Vishnu, Charles Siegel"
314,Dynamic Steerable Frame Networks,Reject,"Jörn-Henrik Jacobsen, Bert De Brabandere and Arnold W.M. Smeulders"
315,Adding Gradient Noise Improves Learning for Very Deep Networks,Reject,"Arvind Neelakantan, Luke Vilnis, Quoc V. Le, Lukasz Kaiser, Karol Kurach, Ilya Sutskever, James Martens"
316,Joint Training of Ratings and Reviews with Recurrent Recommender Networks,Reject,"Chao-Yuan Wu, Amr Ahmed, Alex Beutel, Alexander J. Smola"
317,Counterpoint by Convolution,Reject,"Cheng-Zhi Anna Huang, Tim Cooijmans, Adam Roberts, Aaron Courville, Douglas Eck"
318,The loss surface of residual networks: Ensembles and the role of batch normalization,Reject,"Etai Littwin, Lior Wolf"
319,Eigenvalues of the Hessian in Deep Learning: Singularity and Beyond,Reject,"Levent Sagun, Leon Bottou, Yann LeCun"
320,Local minima in training of deep networks,Reject,"Grzegorz Swirszcz, Wojciech Marian Czarnecki, Razvan Pascanu"
321,Communicating Hierarchical Neural Controllers for Learning Zero-shot Task Generalization,Reject,"Junhyuk Oh, Satinder Singh, Honglak Lee, Pushmeet Kohli"
322,The Preimage of Rectifier Network Activities,Reject,"Stefan Carlsson, Hossein Azizpour, Ali Razavian"
323,Neural Machine Translation with Latent Semantic of Image and Text,Reject,"Joji Toyama, Masanori Misono, Masahiro Suzuki, Kotaro Nakayama, Yutaka Matsuo"
324,Submodular Sum-product Networks for Scene Understanding,Reject,"Abram L. Friesen, Pedro Domingos"
325,Human perception in computer vision,Reject,Ron Dekel
326,Efficient Summarization with Read-Again and Copy Mechanism,Reject,"Wenyuan Zeng, Wenjie Luo, Sanja Fidler, Raquel Urtasun"
327,Layer Recurrent Neural Networks,Reject,"Weidi Xie, Alison Noble, Andrew Zisserman"
328,Gaussian Attention Model and Its Application to Knowledge Base Embedding and Question Answering,Reject,"Liwen Zhang, John Winn, Ryota Tomioka"
329,Cooperative Training of Descriptor and Generator Networks,Reject,"Jianwen Xie, Yang Lu, Ruiqi Gao, Song-Chun Zhu, Ying Nian Wu"
330,Exploring LOTS in Deep Neural Networks,Reject,"Andras Rozsa, Manuel Gunther, Terrance E. Boult"
331,Warped Convolutions: Efficient Invariance to Spatial Transformations,Reject,"Joao F. Henriques, Andrea Vedaldi"
332,Adjusting for Dropout Variance in Batch Normalization and Weight Initialization,Reject,"Dan Hendrycks, Kevin Gimpel"
333,Rule Mining in Feature Space,Reject,"Stefano Teso, Andrea Passerini"
334,The Power of Sparsity in Convolutional Neural Networks,Reject,"Soravit Changpinyo, Mark Sandler, Andrey Zhmoginov"
335,Multi-view Generative Adversarial Networks,Reject,"Mickaël Chen, Ludovic Denoyer"
336,Beyond Bilingual: Multi-sense Word Embeddings using Multilingual Context,Reject,"Shyam Upadhyay, Kai-Wei Chang, James Zou, Matt Taddy, Adam Kalai"
337,Two Methods for Wild Variational Inference,Reject,"Qiang Liu, Yihao Feng"
338,Rethinking Numerical Representations for Deep Neural Networks,Reject,"Parker Hill, Babak Zamirai, Shengshuo Lu, Yu-Wei Chao, Michael Laurenzano, Mehrzad Samadi, Marios Papaefthymiou, Scott Mahlke, Thomas Wenisch, Jia Deng, Lingjia Tang, Jason Mars"
339,NEUROGENESIS-INSPIRED DICTIONARY LEARNING: ONLINE MODEL ADAPTION IN A CHANGING WORLD,Reject,"Sahil Garg, Irina Rish, Guillermo Cecchi, Aurelie Lozano"
340,Diverse Beam Search: Decoding Diverse Solutions from Neural Sequence Models,Reject,"Ashwin K Vijayakumar, Michael Cogswell, Ramprasaath R. Selvaraju, Qing Sun, Stefan Lee, David Crandall, Dhruv Batra"
341,Deep Generalized Canonical Correlation Analysis,Reject,"Adrian Benton, Huda Khayrallah, Biman Gujral, Drew Reisinger, Sheng Zhang, Raman Arora"
342,A Context-aware Attention Network for Interactive Question Answering,Reject,"Huayu Li, Martin Renqiang Min, Yong Ge, Asim Kadav"
343,Recurrent Inference Machines for Solving Inverse Problems,Reject,"Patrick Putzky, Max Welling"
344,Semi-Supervised Learning with Context-Conditional Generative Adversarial Networks,Reject,"Emily Denton, Sam Gross, Rob Fergus"
345,Investigating Different Context Types and Representations for Learning Word Embeddings,Reject,"Bofang Li, Tao Liu, Zhe Zhao, Buzhou Tang, Xiaoyong Du"
346,The Predictron: End-To-End Learning and Planning,Reject,"David Silver, Hado van Hasselt, Matteo Hessel, Tom Schaul, Arthur Guez, Tim Harley, Gabriel Dulac-Arnold, David Reichert, Neil Rabinowitz, Andre Barreto, Thomas Degris"
347,Bridging Nonlinearities and Stochastic Regularizers with Gaussian Error Linear Units,Reject,"Dan Hendrycks, Kevin Gimpel"
348,Alternating Direction Method of Multipliers for Sparse Convolutional Neural Networks,Reject,"Farkhondeh Kiaee, Christian Gagné, and Mahdieh Abbasi"
349,Inefficiency of stochastic gradient descent with larger mini-batches (and more learners),Reject,"Onkar Bhardwaj, Guojing Cong"
350,The Variational Walkback Algorithm,Reject,"Anirudh Goyal, Nan Rosemary Ke, Alex Lamb, Yoshua Bengio"
351,Distributed Transfer Learning for Deep Convolutional Neural Networks by Basic Probability Assignment,Reject,Arash Shahriari
352,A hybrid network: Scattering and Convnet,Reject,Edouard Oyallon
353,FastText.zip: Compressing text classification models,Reject,"Armand Joulin, Edouard Grave, Piotr Bojanowski, Matthijs Douze, Herve Jegou, Tomas Mikolov"
354,Encoding and Decoding Representations with Sum- and Max-Product Networks,Reject,"Antonio Vergari, Robert Peharz, Nicola Di Mauro, Floriana Esposito"
355,Sequence to Sequence Transduction with Hard Monotonic Attention,Reject,"Roee Aharoni, Yoav Goldberg"
356,Improving Stochastic Gradient Descent with Feedback,Reject,"Jayanth Koushik, Hiroaki Hayashi"
357,Neural Graph Machines: Learning Neural Networks Using Graphs,Reject,"Thang D. Bui, Sujith Ravi, Vivek Ramavajjala"
358,Dynamic Neural Turing Machine with Continuous and Discrete Addressing Schemes,Reject,"Caglar Gulcehre, Sarath Chandar, Kyunghyun Cho, Yoshua Bengio"
359,Is a picture worth a thousand words? A Deep Multi-Modal Fusion Architecture for Product Classification in e-commerce,Reject,"Tom Zahavy, Alessandro Magnani, Abhinandan Krishnan, Shie Mannor"
360,Generative Adversarial Networks for Image Steganography,Reject,"Denis Volkhonskiy, Boris Borisenko, Evgeny Burnaev"
361,MS MARCO: A Human-Generated MAchine Reading COmprehension Dataset,Reject,"Tri Nguyen, Mir Rosenberg, Xia Song, Jianfeng Gao, Saurabh Tiwary, Rangan Majumder and Li Deng"
362,OMG: Orthogonal Method of Grouping With Application of K-Shot Learning,Reject,"Haoqi Fan, Yu Zhang, Kris M. Kitani"
363,GRAM: Graph-based Attention Model for Healthcare Representation Learning,Reject,"Edward Choi, Mohammad Taha Bahadori, Le Song, Walter F. Stewart, Jimeng Sun"
364,Regularizing Neural Networks by Penalizing Confident Output Distributions,Reject,"Gabriel Pereyra, George Tucker, Jan Chorowski, Lukasz Kaiser, Geoffrey Hinton"
365,Options Discovery with Budgeted Reinforcement Learning,Reject,"Aurelia Léon, Ludovic Denoyer"
366,Unsupervised Learning of State Representations for Multiple Tasks,Reject,"Antonin Raffin, Sebastian Höfer, Rico Jonschkowski, Oliver Brock, Freek Stulp"
367,DRAGNN: A Transition-Based Framework for Dynamically Connected Neural Networks,Reject,"Lingpeng Kong, Chris Alberti, Daniel Andor, Ivan Bogatyy, David Weiss"
368,Joint Multimodal Learning with Deep Generative Models,Reject,"Masahiro Suzuki, Kotaro Nakayama, Yutaka Matsuo"
369,Hierarchical Memory Networks,Reject,"Sarath Chandar, Sungjin Ahn, Hugo Larochelle, Pascal Vincent, Gerald Tesauro, Yoshua Bengio"
370,Towards Understanding the Invertibility of Convolutional Neural Networks,Reject,"Anna C. Gilbert, Yi Zhang, Kibok Lee, Yuting Zhang, Honglak Lee"
371,Incremental Sequence Learning,Reject,Edwin D. de Jong
372,Boosting Image Captioning with Attributes,Reject,"Ting Yao, Yingwei Pan, Yehao Li, Zhaofan Qiu, Tao Mei"
373,Skip-graph: Learning graph embeddings with an encoder-decoder model,Reject,"John Boaz Lee, Xiangnan Kong"
374,Finding a Jack-of-All-Trades: An Examination of Semi-supervised Learning in Reading Comprehension,Reject,"Rudolf Kadlec, Ondřej Bajgar, Peter Hrincar, Jan Kleindienst"
375,DyVEDeep: Dynamic Variable Effort Deep Neural Networks,Reject,"Sanjay Ganapathy, Swagath Venkataramani, Balaraman Ravindran, Anand Raghunathan"
376,Deep Character-Level Neural Machine Translation By Learning Morphology,Reject,"Shenjian Zhao, Zhihua Zhang"
377,Linear Time Complexity Deep Fourier Scattering Network and Extension to Nonlinear Invariants,Reject,"Randall Balestriero, Herve Glotin"
378,Annealing Gaussian into ReLU: a New Sampling Strategy for Leaky-ReLU RBM,Reject,"Chun-Liang Li, Siamak Ravanbakhsh, Barnabas Poczos"
379,Boosted Residual Networks,Reject,"Alan Mosca, George D. Magoulas"
380,Multi-task learning with deep model based reinforcement learning,Reject,Asier Mujika
381,Opening the vocabulary of  neural language models with character-level word representations,Reject,"Matthieu Labeau, Alexandre Allauzen"
382,HFH: Homologically Functional Hashing for Compressing Deep Neural Networks,Reject,"Lei Shi, Shikun Feng, Zhifan Zhu"
383,The Incredible Shrinking Neural Network: New Perspectives on Learning Representations Through The Lens of Pruning,Reject,"Nikolas Wolfe, Aditya Sharma, Lukas Drude, Bhiksha Raj"
384,Efficient iterative policy optimization,Reject,Nicolas Le Roux
385,Tensorial Mixture Models,Reject,"Or Sharir, Ronen Tamari, Nadav Cohen, Amnon Shashua"
386,An Analysis of Deep Neural Network Models for Practical Applications,Reject,"Alfredo Canziani, Adam Paszke, Eugenio Culurciello"
387,Playing SNES in the Retro Learning Environment,Reject,"Nadav Bhonker, Shai Rozenberg, Itay Hubara"
388,Learning to Understand: Incorporating Local Contexts with Global Attention for Sentiment Classification,Reject,"Zhigang Yuan, Yuting Hu, Yongfeng Huang"
389,Fast Adaptation in Generative Models with Generative Matching Networks,Reject,"Sergey Bartunov, Dmitry P. Vetrov"
390,LipNet: End-to-End Sentence-level Lipreading,Reject,"Yannis M. Assael, Brendan Shillingford, Shimon Whiteson, Nando de Freitas"
391,A Simple yet Effective Method to Prune Dense Layers of Neural Networks,Reject,"Mohammad Babaeizadeh, Paris Smaragdis, Roy H. Campbell"
392,Emergent Predication Structure in Vector Representations of Neural Readers,Reject,"Hai Wang, Takeshi Onishi, Kevin Gimpel, David McAllester"
393,Riemannian Optimization for Skip-Gram Negative Sampling,Reject,"Alexander Fonarev, Alexey Grinchuk, Gleb Gusev, Pavel Serdyukov, Ivan Oseledets"
394,RL^2: Fast Reinforcement Learning via Slow Reinforcement Learning,Reject,"Yan Duan, John Schulman, Xi Chen, Peter L. Bartlett, Ilya Sutskever, Pieter Abbeel"
395,Deep Error-Correcting Output Codes,Reject,"Guoqiang Zhong, Yuchen Zheng, Peng Zhang, Mengqi Li, Junyu Dong"
396,Marginal Deep Architectures: Deep learning for Small and Middle Scale Applications,Reject,"Yuchen Zheng, Guoqiang Zhong, Junyu Dong"
397,Beyond Fine Tuning: A Modular Approach to Learning on Small Data,Reject,"Aryk Anderson, Kyle Shaffer, Artem Yankov, Court Corley, Nathan Hodas"
398,Classify or Select: Neural Architectures for Extractive Document Summarization,Reject,"Ramesh Nallapati, Bowen Zhou and Mingbo Ma"
399,Tartan: Accelerating Fully-Connected and Convolutional Layers in Deep Learning Networks by Exploiting Numerical Precision Variability,Reject,"Alberto Delmás Lascorz, Sayeh Sharify, Patrick Judd, Andreas Moshovos"
400,Machine Solver for Physics Word Problems,Reject,"Megan Leszczynski, Jose Moreira"
401,Learning Word-Like Units from Joint Audio-Visual Analylsis,Reject,"David Harwath, James R. Glass"
402,Multi-modal Variational Encoder-Decoders,Reject,"Iulian V. Serban, Alexander G. Ororbia II, Joelle Pineau, Aaron Courville"
403,Reference-Aware Language Models,Reject,"Zichao Yang, Phil Blunsom, Chris Dyer, Wang Ling"
404,Simple Black-Box Adversarial Perturbations for Deep Networks,Reject,"Nina Narodytska, Shiva Kasiviswanathan"
405,Unsupervised Pretraining for Sequence to Sequence Learning,Reject,"Prajit Ramachandran, Peter J. Liu, Quoc V. Le"
406,BIOACOUSTIC SEGMENTATION BY HIERARCHICAL DIRICHLET PROCESS HIDDEN MARKOV MODEL,Reject,"Vincent Roger, Marius Bartcus, Faicel Chamroukhi, Hervé Glotin"
407,Learning Recurrent Span Representations for Extractive Question Answering,Reject,"Kenton Lee, Tom Kwiatkowksi, Ankur Parikh, Dipanjan Das"
408,A Neural Stochastic Volatility Model,Reject,"Rui Luo, Xiaojun Xu, Weinan Zhang, Jun Wang"
409,Parametric Exponential Linear Unit for Deep Convolutional Neural Networks,Reject,"Ludovic Trottier, Philippe Giguère, Brahim Chaib-draa"
410,Unsupervised Deep Learning of State Representation Using Robotic Priors ,Reject,"Timothee LESORT, David FILLIAT"
411,Coarse Pruning of Convolutional Neural Networks with Random Masks,Reject,"Sajid Anwar, Wonyong Sung"
412,ENet: A Deep Neural Network Architecture for Real-Time Semantic Segmentation,Reject,"Adam Paszke, Abhishek Chaurasia, Sangpil Kim, Eugenio Culurciello"
413,Understanding trained CNNs by indexing neuron selectivity,Reject,"Ivet Rafegas, Maria Vanrell, Luís A. Alexandre"
414,Multiagent System for Layer Free Network,Reject,"Hiroki Kurotaki, Kotaro Nakayama, Yutaka Matsuo"
415,Classless Association using Neural Networks,Reject,"Federico Raue, Sebastian Palacio, Andreas Dengel, Marcus Liwicki"
416,Cat2Vec: Learning Distributed Representation of Multi-field Categorical Data,Reject,"Ying Wen, Jun Wang, Tianyao Chen, Weinan Zhang"
417,Transformational Sparse Coding,Reject,"Dimitrios C. Gklezakos, Rajesh P. N. Rao"
418,Cortical-Inspired Open-Bigram Representation for Handwritten Word Recognition,Reject,"Théodore Bluche, Christopher Kermorvant, Claude Touzet, Hervé Glotin"
419,Representing inferential uncertainty in deep neural networks through sampling,Reject,"Patrick McClure, Nikolaus Kriegeskorte"
420,Making Stochastic Neural Networks from Deterministic Ones,Reject,"Kimin Lee, Jaehyung Kim, Song Chong, Jinwoo Shin"
421,Information Dropout: learning optimal representations through noise,Reject,"Alessandro Achille, Stefano Soatto"
422,ReasoNet: Learning to Stop Reading in Machine Comprehension,Reject,"Yelong Shen, Po-Sen Huang, Jianfeng Gao, Weizhu Chen"
423,Spatio-Temporal Abstractions in Reinforcement Learning Through Neural Encoding,Reject,"Nir Baram, Tom Zahavy, Shie Mannor"
424,Deep Symbolic Representation Learning for Heterogeneous Time-series Classification,Reject,"Shengdong Zhang, Soheil Bahrampour, Naveen Ramakrishnan, Mohak Shah"
425,A Way out of the Odyssey: Analyzing and Combining Recent Insights for LSTMs,Reject,"Shayne Longpre, Sabeek Pradhan, Caiming Xiong, Richard Socher"
426,Binary Paragraph Vectors,Reject,"Karol Grzegorczyk, Marcin Kurdziel"
427,Generative Paragraph Vector,Reject,"Ruqing Zhang, Jiafeng Guo, Yanyan Lan, Jun Xu, Xueqi Cheng"
428,LSTM-Based System-Call Language Modeling and Ensemble Method for Host-Based Intrusion Detection,Reject,"Gyuwan Kim, Hayoon Yi, Jangho Lee, Yunheung Paek, Sungroh Yoon"
429,Deep Variational Canonical Correlation Analysis,Reject,"Weiran Wang, Xinchen Yan, Honglak Lee, Karen Livescu"
430,Non-linear Dimensionality Regularizer for Solving Inverse Problems,Reject,"Ravi Garg, Anders Eriksson, Ian Reid"
431,Revisiting Batch Normalization For Practical Domain Adaptation,Reject,"Yanghao Li, Naiyan Wang, Jianping Shi, Jiaying Liu, Xiaodi Hou"
432,SqueezeNet: AlexNet-level accuracy with 50x fewer parameters and <0.5MB model size,Reject,"Forrest N. Iandola, Song Han, Matthew W. Moskewicz, Khalid Ashraf, William J. Dally, Kurt Keutzer"
433,Training Long Short-Term Memory With Sparsified Stochastic Gradient Descent,Reject,"Maohua Zhu, Minsoo Rhu, Jason Clemons, Stephen W. Keckler, Yuan Xie"
434,Efficient Calculation of Polynomial Features on Sparse Matrices,Reject,"Andrew Nystrom, John Hughes"
435,"ParMAC: distributed optimisation of nested functions, with application to binary autoencoders",Reject,"Miguel A. Carreira-Perpinan, Mehdi Alizadeh"
436,Chess Game Concepts Emerge under Weak Supervision: A Case Study of Tic-tac-toe,Reject,"Hao Zhao, Ming Lu, Anbang Yao, Yurong Chen, Li Zhang"
437,On the Expressive Power of Deep Neural Networks,Reject,"Maithra Raghu, Ben Poole, Jon Kleinberg, Surya Ganguli, Jascha Sohl-Dickstein"
438,Universality in halting time,Reject,"Levent Sagun, Thomas Trogdon, Yann LeCun"
439,Learning Identity Mappings with Residual Gates,Reject,"Pedro H. P. Savarese, Leonardo O. Mazza, Daniel R. Figueiredo"
440,Parallel Stochastic Gradient Descent with Sound Combiners,Reject,"Saeed Maleki, Madanlal Musuvathi, Todd Mytkowicz, Yufei Ding"
441,Divide and Conquer with Neural Networks,Reject,"Alex Nowak, Joan Bruna"
442,Gradients of Counterfactuals,Reject,"Mukund Sundararajan, Ankur Taly, Qiqi Yan"
443,A Convolutional Encoder Model for Neural Machine Translation,Reject,"Jonas Gehring, Michael Auli, David Grangier, Yann N. Dauphin"
444,Deep Convolutional Neural Network Design Patterns,Reject,"Leslie N. Smith, Nicholay Topin"
445,An Analysis of Feature Regularization for Low-shot Learning,Reject,"Zhuoyuan Chen, Han Zhao, Xiao Liu, Wei Xu"
446,Combating Deep Reinforcement Learning's Sisyphean Curse with Intrinsic Fear,Reject,"Zachary C. Lipton, Jianfeng Gao, Lihong Li, Jianshu Chen, Li Deng"
447,Deep Unsupervised Clustering with Gaussian Mixture Variational Autoencoders,Reject,"Nat Dilokthanakul, Pedro A. M. Mediano, Marta Garnelo, Matthew C.H. Lee, Hugh Salimbeni, Kai Arulkumaran, Murray Shanahan"
448,Improved Architectures for Computer Go,Reject,Tristan Cazenave
449,Learning Python Code Suggestion with a Sparse Pointer Network,Reject,"Avishkar Bhoopchand, Tim Rocktäschel, Earl Barr, Sebastian Riedel"
450,Demystifying ResNet,Reject,"Sihan Li, Jiantao Jiao, Yanjun Han, Tsachy Weissman"
451,Learning similarity preserving representations with neural similarity and context encoders,Reject,"Franziska Horn, Klaus-Robert Müller"
452,Sentence Ordering using Recurrent Neural Networks,Reject,"Lajanugen Logeswaran, Honglak Lee, Dragomir Radev"
453,Knowledge Adaptation: Teaching to Adapt,Reject,"Sebastian Ruder, Parsa Ghaffari, John G. Breslin"
454,Enforcing constraints on outputs with unconstrained inference,Reject,"Jay Yoon Lee, Michael L. Wick, Jean-Baptiste Tristan"
455,Hierarchical compositional feature learning,Reject,"Miguel Lazaro-Gredilla, Yi Liu, D. Scott Phoenix, Dileep George"
456,Learning a Static Analyzer: A Case Study on a Toy Language,Reject,"Manzil Zaheer, Jean-Baptiste Tristan, Michael L. Wick, Guy L. Steele Jr."
457,Filling in the details: Perceiving from low fidelity visual input,Reject,"Farahnaz A. Wick, Michael L. Wick, Marc Pomplun"
458,Modelling Relational Time Series using Gaussian Embeddings,Reject,"Ludovic Dos Santos, Ali Ziat, Ludovic Denoyer, Benjamin Piwowarski, Patrick Gallinari"
459,Compact Embedding of Binary-coded Inputs and Outputs using Bloom Filters,Reject,"Joan Serrà, Alexandros Karatzoglou"
460,A Deep Learning Approach for Joint Video Frame and Reward Prediction in Atari Games,Reject,"Felix Leibfried, Nate Kushman, Katja Hofmann"
461,Pedestrian Detection Based On Fast R-CNN and Batch Normalization ,Reject,"Zhong-Qiu Zhao, Haiman Bian, Donghui Hu, Herve Glotin"
462,An Actor-critic Algorithm for Learning Rate Learning,Reject,"Chang Xu, Tao Qin, Gang Wang, Tie-Yan Liu"
463,Training Group Orthogonal Neural Networks with Privileged Information,Reject,"Yunpeng Chen, Xiaojie Jin, Jiashi Feng, Shuicheng Yan"
464,Progressive Attention Networks for Visual Attribute Prediction,Reject,"Paul Hongsuck Seo, Zhe Lin, Scott Cohen, Xiaohui Shen, Bohyung Han"
465,A Neural Knowledge Language Model,Reject,"Sungjin Ahn, Heeyoul Choi, Tanel Parnamaa, Yoshua Bengio"
466,Fuzzy paraphrases in learning word representations with a lexicon,Reject,"Yuanzhi Ke, Masafumi Hagiwara"
467,What Is the Best Practice for CNNs Applied to Visual Instance Retrieval?,Reject,"Jiedong Hao, Jing Dong, Wei Wang, Tieniu Tan"
468,Rectified Factor Networks for Biclustering,Reject,"Djork-Arné Clevert, Thomas Unterthiner, Sepp Hochreiter"
469,Sampling Generative Networks,Reject,Tom White
470,Learning Locomotion Skills Using DeepRL: Does the Choice of Action Space Matter?,Reject,"Xue Bin Peng, Michiel van de Panne"
471,Iterative Refinement for Machine Translation,Reject,"Roman Novak, Michael Auli, David Grangier"
472,Semantic Noise Modeling for Better Representation Learning,Reject,"Hyo-Eun Kim, Sangheum Hwang, Kyunghyun Cho"
473,Ternary Weight Decomposition and Binary Activation Encoding for Fast and Compact Neural Network,Reject,"Mitsuru Ambai, Takuya Matsumoto, Takayoshi Yamashita, Hironobu Fujiyoshi"
474,Vocabulary Selection Strategies for Neural Machine Translation,Reject,"Gurvan L'Hostis, David Grangier, Michael Auli"
475,Efficient Communications in Training Large Scale Neural Networks,Reject,"Linnan Wang, Wei Wu, George Bosilca, Richard Vuduc, Zenglin Xu"
476,Dynamic Partition Models,Reject,"Marc Goessling, Yali Amit"
477,Learning Efficient Algorithms with Hierarchical Attentive Memory,Reject,"Marcin Andrychowicz, Karol Kurach"
478,Revisiting Distributed Synchronous SGD,Reject,"Jianmin Chen*, Xinghao Pan*, Rajat Monga, Samy Bengio, Rafal Jozefowicz"
479,New Learning Approach By Genetic Algorithm In A Convolutional Neural Network For Pattern Recognition,Reject,"Mohammad Ali Mehrolhassani, Majid Mohammadi"
480,PREDICTION OF POTENTIAL HUMAN INTENTION USING SUPERVISED COMPETITIVE LEARNING,Reject,"Masayoshi Ishikawa, Mariko Okude, Takehisa Nishida & Kazuo Muto"
481,Conditional Image Synthesis With Auxiliary Classifier GANs,Reject,"Augustus Odena, Christopher Olah, Jonathon Shlens"
482,Multi-label learning with semantic embeddings,Reject,"Liping Jing, MiaoMiao Cheng, Liu Yang, Alex Gittens, Michael W. Mahoney"
483,Significance of Softmax-Based Features over Metric Learning-Based Features,Reject,"Shota Horiguchi, Daiki Ikami, Kiyoharu Aizawa"
484,Improving Sampling from Generative Autoencoders with Markov Chains,Reject,"Antonia Creswell, Kai Arulkumaran, Anil Anthony Bharath"
485,Learning to Protect Communications with Adversarial Neural Cryptography,Reject,"Martín Abadi, David G. Andersen"
486,Deep unsupervised learning through spatial contrasting,Reject,"Elad Hoffer, Itay Hubara, Nir Ailon"
487,SoftTarget Regularization: An Effective Technique to Reduce Over-Fitting in Neural Networks,Reject,Armen Aghajanyan
488,Surprisal-Driven Feedback in Recurrent Networks,Reject,Kamil Rocki
